{
    "Random": {
        "mu": 20.604167980000835,
        "sigma": 7.171475587326195
    },
    "TD-1Ply": {
        "mu": 29.39583201999916,
        "sigma": 7.171475587326195
    }
}